《euro》로마 바티칸 Plus 투어(전일),"35,000 원~",출발 가능 기간 : 2019.01.02~2019.04.30,"searchModule.OnClickDetail('http://tour.interpark.com/goods/detail/?BaseGoodsCd=J3010019','')",http://tourimage.interpark.com/product/tour/00161/J30/280/J3010019_1_700.JPG,<Tour.TourInfo object at 0x000000226D5BD9B0>
「hello」 로마 바티칸 하이패스투어,"35,000 원~",출발 가능 기간 : 2019.01.02~2019.03.30,"searchModule.OnClickDetail('http://tour.interpark.com/goods/detail/?BaseGoodsCd=J3010242','http://cc.toast.com/cc?a=kw8LaYJ2TBEepMn&m=0&sid=whnmpqlva3dliaoimfq3gaub&pgid=33b07343a708d70c18178a7bf554cd0a&query=%EB%A1%9C%EB%A7%88&platform=tour:nx:pc&adid=&sub_service=tourR&u=http%3a%2f%2fmtour.interpark.com%2ftour%2fGoods.aspx%3fbaseGoodsCD%3dJ3010242&area=main&c=TourGoods:RJJ3010242&q=%eb%a1%9c%eb%a7%88')",http://tourimage.interpark.com/product/tour/00161/J30/280/J3010242_2_413.jpg,<Tour.TourInfo object at 0x000000226D4167F0>
「hello」 바로투어(바티칸+로마투어),"45,000 원~",출발 가능 기간 : 2019.01.02~2019.03.30,"searchModule.OnClickDetail('http://tour.interpark.com/goods/detail/?BaseGoodsCd=J3010390','http://cc.toast.com/cc?a=kw8LaYJ2TBEepMn&m=0&sid=whnmpqlva3dliaoimfq3gaub&pgid=33b07343a708d70c18178a7bf554cd0a&query=%EB%A1%9C%EB%A7%88&platform=tour:nx:pc&adid=&sub_service=tourR&u=http%3a%2f%2fmtour.interpark.com%2ftour%2fGoods.aspx%3fbaseGoodsCD%3dJ3010390&area=main&c=TourGoods:RJJ3010390&q=%eb%a1%9c%eb%a7%88')",http://tourimage.interpark.com/product/tour/00161/J30/280/J3010390_1_883.jpg,<Tour.TourInfo object at 0x000000226D416EB8>
[나혼자간다] 로마 6일,"1,450,000 원~",출발 가능 기간 : 2019.01.02~2019.10.31,"searchModule.OnClickDetail('http://tour.interpark.com/goods/detail/?BaseGoodsCd=B3011847','http://cc.toast.com/cc?a=kw8LaYJ2TBEepMn&m=0&sid=whnmpqlva3dliaoimfq3gaub&pgid=33b07343a708d70c18178a7bf554cd0a&query=%EB%A1%9C%EB%A7%88&platform=tour:nx:pc&adid=&sub_service=tourR&u=http%3a%2f%2fmtour.interpark.com%2ftour%2fGoods.aspx%3fbaseGoodsCD%3dB3011847&area=main&c=TourGoods:RBB3011847&q=%eb%a1%9c%eb%a7%88')",http://tourimage.interpark.com/product/tour/00161/B30/280/B3011847_1_820.jpg,<Tour.TourInfo object at 0x000000226D416B38>
《euro》로마 바티칸 반일투어(오전),"35,000 원~",출발 가능 기간 : 2019.01.03~2019.04.30,"searchModule.OnClickDetail('http://tour.interpark.com/goods/detail/?BaseGoodsCd=J3010389','http://cc.toast.com/cc?a=kw8LaYJ2TBEepMn&m=0&sid=whnmpqlva3dliaoimfq3gaub&pgid=33b07343a708d70c18178a7bf554cd0a&query=%EB%A1%9C%EB%A7%88&platform=tour:nx:pc&adid=&sub_service=tourR&u=http%3a%2f%2fmtour.interpark.com%2ftour%2fGoods.aspx%3fbaseGoodsCD%3dJ3010389&area=main&c=TourGoods:RJJ3010389&q=%eb%a1%9c%eb%a7%88')",http://tourimage.interpark.com/product/tour/00161/J30/280/J3010389_1_980.JPG,<Tour.TourInfo object at 0x000000226D416860>
[ONE CITY] 로마 5일,"1,320,000 원~",출발 가능 기간 : 2019.01.02~2019.06.30,"searchModule.OnClickDetail('http://tour.interpark.com/goods/detail/?BaseGoodsCd=B3010708','http://cc.toast.com/cc?a=kw8LaYJ2TBEepMn&m=0&sid=whnmpqlva3dliaoimfq3gaub&pgid=33b07343a708d70c18178a7bf554cd0a&query=%EB%A1%9C%EB%A7%88&platform=tour:nx:pc&adid=&sub_service=tourR&u=http%3a%2f%2fmtour.interpark.com%2ftour%2fGoods.aspx%3fbaseGoodsCD%3dB3010708&area=main&c=TourGoods:RBB3010708&q=%eb%a1%9c%eb%a7%88')",http://tourimage.interpark.com/product/tour/00161/B30/280/B3010708_1_980.jpg,<Tour.TourInfo object at 0x000000226D416B70>
《euro》로마 바티칸 Plus 투어(전일),"35,000 원~",출발 가능 기간 : 2019.01.02~2019.04.30,"searchModule.OnClickDetail('http://tour.interpark.com/goods/detail/?BaseGoodsCd=J3010019','http://cc.toast.com/cc?a=kw8LaYJ2TBEepMn&m=0&sid=whnmpqlva3dliaoimfq3gaub&pgid=33b07343a708d70c18178a7bf554cd0a&query=%EB%A1%9C%EB%A7%88&platform=tour:nx:pc&adid=&sub_service=tourR&u=http%3a%2f%2fmtour.interpark.com%2ftour%2fGoods.aspx%3fbaseGoodsCD%3dJ3010019&area=main&c=TourGoods:RJJ3010019&q=%eb%a1%9c%eb%a7%88')",http://tourimage.interpark.com/product/tour/00161/J30/280/J3010019_1_700.JPG,<Tour.TourInfo object at 0x000000226D5BDD30>
[직항으로 떠나는]Bon Appetit! 로마 자유여행 6일,"1,450,000 원~",출발 가능 기간 : 2019.01.02~2019.08.18,"searchModule.OnClickDetail('http://tour.interpark.com/goods/detail/?BaseGoodsCd=B3011455','http://cc.toast.com/cc?a=kw8LaYJ2TBEepMn&m=0&sid=whnmpqlva3dliaoimfq3gaub&pgid=33b07343a708d70c18178a7bf554cd0a&query=%EB%A1%9C%EB%A7%88&platform=tour:nx:pc&adid=&sub_service=tourR&u=http%3a%2f%2fmtour.interpark.com%2ftour%2fGoods.aspx%3fbaseGoodsCD%3dB3011455&area=main&c=TourGoods:RBB3011455&q=%eb%a1%9c%eb%a7%88')",http://tourimage.interpark.com/product/tour/00161/B30/280/B3011455_9_663.jpg,<Tour.TourInfo object at 0x000000226D416DD8>
L.o.v.e. I.n 스위스 ♥이탈리아 자유허니문 8일,"2,691,100 원~",출발 가능 기간 : 2019.01.12~2019.09.30,"searchModule.OnClickDetail('http://tour.interpark.com/goods/detail/?BaseGoodsCd=D3010405','http://cc.toast.com/cc?a=kw8LaYJ2TBEepMn&m=0&sid=whnmpqlva3dliaoimfq3gaub&pgid=33b07343a708d70c18178a7bf554cd0a&query=%EB%A1%9C%EB%A7%88&platform=tour:nx:pc&adid=&sub_service=tourR&u=http%3a%2f%2fmtour.interpark.com%2ftour%2fGoods.aspx%3fbaseGoodsCD%3dD3010405&area=main&c=TourGoods:RDD3010405&q=%eb%a1%9c%eb%a7%88')",http://tourimage.interpark.com/product/tour/00161/D30/280/D3010405_1_680.jpg,<Tour.TourInfo object at 0x000000226D416A58>
[1/18 출발]서유럽3국8일_뮈렌/로마직항,"1,490,000 원~",출발 가능 기간 : 2019.01.18~2019.01.21,"searchModule.OnClickDetail('http://tour.interpark.com/goods/detail/?BaseGoodsCd=A3015091','http://cc.toast.com/cc?a=kw8LaYJ2TBEepMn&m=0&sid=whnmpqlva3dliaoimfq3gaub&pgid=33b07343a708d70c18178a7bf554cd0a&query=%EB%A1%9C%EB%A7%88&platform=tour:nx:pc&adid=&sub_service=tourR&u=http%3a%2f%2fmtour.interpark.com%2ftour%2fGoods.aspx%3fbaseGoodsCD%3dA3015091&area=main&c=TourGoods:RAA3015091&q=%eb%a1%9c%eb%a7%88')",http://tourimage.interpark.com/product/tour/00161/A30/280/A3015091_1_030.jpg,<Tour.TourInfo object at 0x000000226D4167B8>
[1급호텔]이태리일주 8일_로마직항/바티칸하이패스,"1,490,000 원~",출발 가능 기간 : 2019.01.02~2019.06.26,"searchModule.OnClickDetail('http://tour.interpark.com/goods/detail/?BaseGoodsCd=A3014976','http://cc.toast.com/cc?a=kw8LaYJ2TBEepMn&m=0&sid=whnmpqlva3dliaoimfq3gaub&pgid=33b07343a708d70c18178a7bf554cd0a&query=%EB%A1%9C%EB%A7%88&platform=tour:nx:pc&adid=&sub_service=tourR&u=http%3a%2f%2fmtour.interpark.com%2ftour%2fGoods.aspx%3fbaseGoodsCD%3dA3014976&area=main&c=TourGoods:RAA3014976&q=%eb%a1%9c%eb%a7%88')",http://tourimage.interpark.com/product/tour/00161/A30/280/A3014976_5_073.jpg,<Tour.TourInfo object at 0x000000226D416898>
《euro》로마 바티칸 Plus 투어(전일),"35,000 원~",출발 가능 기간 : 2019.01.02~2019.04.30,"searchModule.OnClickDetail('http://tour.interpark.com/goods/detail/?BaseGoodsCd=J3010019','')",http://tourimage.interpark.com/product/tour/00161/J30/280/J3010019_1_700.JPG,<Tour.TourInfo object at 0x000000226D416E10>
[알찬일주]이탈리아 8일_로마직항+오르비에토,"1,490,000 원~",출발 가능 기간 : 2019.01.02~2019.06.26,"searchModule.OnClickDetail('http://tour.interpark.com/goods/detail/?BaseGoodsCd=A3014993','http://cc.toast.com/cc?a=kw8LaYJ2TBEepMn&m=0&sid=whnmpqlva3dliaoimfq3gaub&pgid=fdf59e83209ddcd0ef13d894fb84b855&query=%EB%A1%9C%EB%A7%88&platform=tour:nx:pc&adid=&sub_service=tourR&u=http%3a%2f%2fmtour.interpark.com%2ftour%2fGoods.aspx%3fbaseGoodsCD%3dA3014993&area=main&c=TourGoods:RAA3014993&q=%eb%a1%9c%eb%a7%88')",http://tourimage.interpark.com/product/tour/00161/A30/280/A3014993_1_790.jpg,<Tour.TourInfo object at 0x000000226D416978>
[로마직항] 이탈리아 일주 9일_산마리노/나폼쏘,"1,702,400 원~",출발 가능 기간 : 2019.01.04~2019.04.29,"searchModule.OnClickDetail('http://tour.interpark.com/goods/detail/?BaseGoodsCd=A3014588','http://cc.toast.com/cc?a=kw8LaYJ2TBEepMn&m=0&sid=whnmpqlva3dliaoimfq3gaub&pgid=fdf59e83209ddcd0ef13d894fb84b855&query=%EB%A1%9C%EB%A7%88&platform=tour:nx:pc&adid=&sub_service=tourR&u=http%3a%2f%2fmtour.interpark.com%2ftour%2fGoods.aspx%3fbaseGoodsCD%3dA3014588&area=main&c=TourGoods:RAA3014588&q=%eb%a1%9c%eb%a7%88')",http://tourimage.interpark.com/product/tour/00161/A30/280/A3014588_6_650.jpg,<Tour.TourInfo object at 0x000000226D416B00>
[유럽 허니문] 럭셔리 파리 & 베니스 & 로마 8일,"2,900,000 원~",출발 가능 기간 : 2019.01.05~2019.06.23,"searchModule.OnClickDetail('http://tour.interpark.com/goods/detail/?BaseGoodsCd=D3010474','http://cc.toast.com/cc?a=kw8LaYJ2TBEepMn&m=0&sid=whnmpqlva3dliaoimfq3gaub&pgid=fdf59e83209ddcd0ef13d894fb84b855&query=%EB%A1%9C%EB%A7%88&platform=tour:nx:pc&adid=&sub_service=tourR&u=http%3a%2f%2fmtour.interpark.com%2ftour%2fGoods.aspx%3fbaseGoodsCD%3dD3010474&area=main&c=TourGoods:RDD3010474&q=%eb%a1%9c%eb%a7%88')",http://tourimage.interpark.com/product/tour/00161/D30/280/D3010474_1_447.jpg,<Tour.TourInfo object at 0x000000226D416780>
■NO!!환율추가■로마직항+이태리일주 8일+친퀘테레/베로나,"1,290,000 원~",출발 가능 기간 : 2019.01.02~2019.10.29,"searchModule.OnClickDetail('http://tour.interpark.com/goods/detail/?BaseGoodsCd=A3014885','http://cc.toast.com/cc?a=kw8LaYJ2TBEepMn&m=0&sid=whnmpqlva3dliaoimfq3gaub&pgid=fdf59e83209ddcd0ef13d894fb84b855&query=%EB%A1%9C%EB%A7%88&platform=tour:nx:pc&adid=&sub_service=tourR&u=http%3a%2f%2fmtour.interpark.com%2ftour%2fGoods.aspx%3fbaseGoodsCD%3dA3014885&area=main&c=TourGoods:RAA3014885&q=%eb%a1%9c%eb%a7%88')",http://tourimage.interpark.com/product/tour/00161/A30/280/A3014885_1_290.jpg,<Tour.TourInfo object at 0x000000226D416CC0>
[얼리버드]서유럽4국10일/쉴트호른+로마 아울렛,"1,990,000 원~",출발 가능 기간 : 2019.01.04~2019.04.30,"searchModule.OnClickDetail('http://tour.interpark.com/goods/detail/?BaseGoodsCd=A3014943','http://cc.toast.com/cc?a=kw8LaYJ2TBEepMn&m=0&sid=whnmpqlva3dliaoimfq3gaub&pgid=fdf59e83209ddcd0ef13d894fb84b855&query=%EB%A1%9C%EB%A7%88&platform=tour:nx:pc&adid=&sub_service=tourR&u=http%3a%2f%2fmtour.interpark.com%2ftour%2fGoods.aspx%3fbaseGoodsCD%3dA3014943&area=main&c=TourGoods:RAA3014943&q=%eb%a1%9c%eb%a7%88')",http://tourimage.interpark.com/product/tour/00161/A30/280/A3014943_1_233.jpg,<Tour.TourInfo object at 0x000000226D1C10B8>
런던 / 로마 / 파리 9일,"1,690,000 원~",출발 가능 기간 : 2019.01.02~2019.10.31,"searchModule.OnClickDetail('http://tour.interpark.com/goods/detail/?BaseGoodsCd=B3010067','http://cc.toast.com/cc?a=kw8LaYJ2TBEepMn&m=0&sid=whnmpqlva3dliaoimfq3gaub&pgid=fdf59e83209ddcd0ef13d894fb84b855&query=%EB%A1%9C%EB%A7%88&platform=tour:nx:pc&adid=&sub_service=tourR&u=http%3a%2f%2fmtour.interpark.com%2ftour%2fGoods.aspx%3fbaseGoodsCD%3dB3010067&area=main&c=TourGoods:RBB3010067&q=%eb%a1%9c%eb%a7%88')",http://tourimage.interpark.com/product/tour/00161/B30/280/B3010067_7_920.jpg,<Tour.TourInfo object at 0x000000226D1C1828>
"[1/11,18,22,25,29★두바이]서유럽4국10일/리기산+로마 아울렛","1,990,000 원~",출발 가능 기간 : 2019.01.04~2019.02.22,"searchModule.OnClickDetail('http://tour.interpark.com/goods/detail/?BaseGoodsCd=A3014240','http://cc.toast.com/cc?a=kw8LaYJ2TBEepMn&m=0&sid=whnmpqlva3dliaoimfq3gaub&pgid=fdf59e83209ddcd0ef13d894fb84b855&query=%EB%A1%9C%EB%A7%88&platform=tour:nx:pc&adid=&sub_service=tourR&u=http%3a%2f%2fmtour.interpark.com%2ftour%2fGoods.aspx%3fbaseGoodsCD%3dA3014240&area=main&c=TourGoods:RAA3014240&q=%eb%a1%9c%eb%a7%88')",http://tourimage.interpark.com/product/tour/00161/A30/280/A3014240_8_847.jpg,<Tour.TourInfo object at 0x000000226D416278>
《euro》로마 버스투어,"65,000 원~",출발 가능 기간 : 2019.01.02~2019.04.30,"searchModule.OnClickDetail('http://tour.interpark.com/goods/detail/?BaseGoodsCd=J3010327','http://cc.toast.com/cc?a=kw8LaYJ2TBEepMn&m=0&sid=whnmpqlva3dliaoimfq3gaub&pgid=fdf59e83209ddcd0ef13d894fb84b855&query=%EB%A1%9C%EB%A7%88&platform=tour:nx:pc&adid=&sub_service=tourR&u=http%3a%2f%2fmtour.interpark.com%2ftour%2fGoods.aspx%3fbaseGoodsCD%3dJ3010327&area=main&c=TourGoods:RJJ3010327&q=%eb%a1%9c%eb%a7%88')",http://tourimage.interpark.com/product/tour/00161/J30/280/J3010327_3_467.jpg,<Tour.TourInfo object at 0x000000226D1C12E8>
[대한항공 직항] 파리/베니스/로마 8일,"1,929,400 원~",출발 가능 기간 : 2019.01.02~2019.06.14,"searchModule.OnClickDetail('http://tour.interpark.com/goods/detail/?BaseGoodsCd=B3010988','http://cc.toast.com/cc?a=kw8LaYJ2TBEepMn&m=0&sid=whnmpqlva3dliaoimfq3gaub&pgid=fdf59e83209ddcd0ef13d894fb84b855&query=%EB%A1%9C%EB%A7%88&platform=tour:nx:pc&adid=&sub_service=tourR&u=http%3a%2f%2fmtour.interpark.com%2ftour%2fGoods.aspx%3fbaseGoodsCD%3dB3010988&area=main&c=TourGoods:RBB3010988&q=%eb%a1%9c%eb%a7%88')",http://tourimage.interpark.com/product/tour/00161/B30/280/B3010988_7_707.jpg,<Tour.TourInfo object at 0x000000226D1C16A0>
■이태리+그리스 8일■그리스로마신화 로마&아테네/수니온곶/메테오라,"1,890,000 원~",출발 가능 기간 : 2019.01.02~2019.06.28,"searchModule.OnClickDetail('http://tour.interpark.com/goods/detail/?BaseGoodsCd=A3015058','http://cc.toast.com/cc?a=kw8LaYJ2TBEepMn&m=0&sid=whnmpqlva3dliaoimfq3gaub&pgid=fdf59e83209ddcd0ef13d894fb84b855&query=%EB%A1%9C%EB%A7%88&platform=tour:nx:pc&adid=&sub_service=tourR&u=http%3a%2f%2fmtour.interpark.com%2ftour%2fGoods.aspx%3fbaseGoodsCD%3dA3015058&area=main&c=TourGoods:RAA3015058&q=%eb%a1%9c%eb%a7%88')",http://tourimage.interpark.com/product/tour/00161/A30/280/A3015058_2_740.jpg,<Tour.TourInfo object at 0x000000226D1C1278>
